<?xml version="1.0" encoding="UTF-8" ?>
<!DOCTYPE mapper PUBLIC "-//mybatis.org/DTD Mapper 3.0//EN"
        "http://mybatis.org/dtd/mybatis-3-mapper.dtd">
<mapper namespace="xyz.hydrion.care.mapper.ElderDevMapper">
    <resultMap id="elderDevMap" type="xyz.hydrion.care.domain.ElderDev">
        <id property="id" column="id"/>
        <result property="wearerName" column="wearer_name"/>
        <result property="createTime" column="create_time"/>
    </resultMap>
    <select id="selectAll" resultMap="elderDevMap">
        select e.id, e.wearer_name, e.create_time
        from elder_dev e
    </select>
    <select id="selectById" resultMap="elderDevMap">
        select *
        from elder_dev e
        where e.id = #{id}
    </select>
    <resultMap id="statusMap" type="xyz.hydrion.care.domain.ElderDevStatus">
        <result property="devId" column="dev_id"/>
        <result property="updateTime" column="update_time"/>
        <result property="devStatus" column="dev_status"/>
        <result property="wearerStatus" column="wearer_status"/>
        <result property="heartRate" column="heart_rate"/>
    </resultMap>
    <select id="selectStatusByDevId" resultMap="statusMap">
        select s.dev_id,s.update_time,s.dev_status,s.wearer_status,s.heart_rate
        from elder_dev_status s
        where s.dev_id = #{devId}
        order by s.update_time desc
    </select>

    <insert id="insert">
        insert into elder_dev(id, wearer_name,create_time) values (#{id}, #{wearerName}, #{createTime})
    </insert>
    
    <insert id="insertStatus">
        insert into elder_dev_status(dev_id, update_time, dev_status, wearer_status, heart_rate)
         values(#{devId},#{updateTime},#{devStatus},#{wearerStatus},#{heartRate})
    </insert>

</mapper>